{
  "train_losses": [
    0.3985391869544983,
    0.38146187353134153
  ],
  "val_losses": [
    0.39718116879463194,
    0.4061856782436371
  ],
  "best_epoch": 0,
  "best_val_loss": 0.39718116879463194
}